{
  "version": "48.0.0",
  "files": {
    "cb8a4b5f49d457f594b0fe5c1e811659b74c57dec6186e61e58aeca34ca250ea": {
      "displayName": "ApiStack Template",
      "source": {
        "path": "ApiStack.template.json",
        "packaging": "file"
      },
      "destinations": {
        "current_account-current_region-0a27a4f4": {
          "bucketName": "cdk-hnb659fds-assets-${AWS::AccountId}-${AWS::Region}",
          "objectKey": "cb8a4b5f49d457f594b0fe5c1e811659b74c57dec6186e61e58aeca34ca250ea.json",
          "assumeRoleArn": "arn:${AWS::Partition}:iam::${AWS::AccountId}:role/cdk-hnb659fds-file-publishing-role-${AWS::AccountId}-${AWS::Region}"
        }
      }
    }
  },
  "dockerImages": {}
}