{
  "version": "48.0.0",
  "files": {
    "faa95a81ae7d7373f3e1f242268f904eb748d8d0fdd306e8a6fe515a1905a7d6": {
      "displayName": "DataStack/Custom::S3AutoDeleteObjectsCustomResourceProvider Code",
      "source": {
        "path": "asset.faa95a81ae7d7373f3e1f242268f904eb748d8d0fdd306e8a6fe515a1905a7d6",
        "packaging": "zip"
      },
      "destinations": {
        "current_account-current_region-e31788a2": {
          "bucketName": "cdk-hnb659fds-assets-${AWS::AccountId}-${AWS::Region}",
          "objectKey": "faa95a81ae7d7373f3e1f242268f904eb748d8d0fdd306e8a6fe515a1905a7d6.zip",
          "assumeRoleArn": "arn:${AWS::Partition}:iam::${AWS::AccountId}:role/cdk-hnb659fds-file-publishing-role-${AWS::AccountId}-${AWS::Region}"
        }
      }
    },
    "1d0a713edea6031b4ca764d67e530b997bb11b3223548561c1f3f206ef1846ff": {
      "displayName": "DataStack Template",
      "source": {
        "path": "DataStack.template.json",
        "packaging": "file"
      },
      "destinations": {
        "current_account-current_region-dcb3aa34": {
          "bucketName": "cdk-hnb659fds-assets-${AWS::AccountId}-${AWS::Region}",
          "objectKey": "1d0a713edea6031b4ca764d67e530b997bb11b3223548561c1f3f206ef1846ff.json",
          "assumeRoleArn": "arn:${AWS::Partition}:iam::${AWS::AccountId}:role/cdk-hnb659fds-file-publishing-role-${AWS::AccountId}-${AWS::Region}"
        }
      }
    }
  },
  "dockerImages": {}
}