{
  "version": "48.0.0",
  "files": {
    "7c12ea8b5d765be6a4690caf3fb6c0d306c7ec4594bf70f2c43657794618b4ca": {
      "displayName": "CoursesLambda/Code",
      "source": {
        "path": "asset.7c12ea8b5d765be6a4690caf3fb6c0d306c7ec4594bf70f2c43657794618b4ca",
        "packaging": "zip"
      },
      "destinations": {
        "current_account-current_region-f3b21a63": {
          "bucketName": "cdk-hnb659fds-assets-${AWS::AccountId}-${AWS::Region}",
          "objectKey": "7c12ea8b5d765be6a4690caf3fb6c0d306c7ec4594bf70f2c43657794618b4ca.zip",
          "assumeRoleArn": "arn:${AWS::Partition}:iam::${AWS::AccountId}:role/cdk-hnb659fds-file-publishing-role-${AWS::AccountId}-${AWS::Region}"
        }
      }
    },
    "1e017db9fc0f83b403ed9b16486e8fcc380d1f67e03b54303664c33b5a0367d2": {
      "displayName": "LambdaStack Template",
      "source": {
        "path": "LambdaStack.template.json",
        "packaging": "file"
      },
      "destinations": {
        "current_account-current_region-2d1f4090": {
          "bucketName": "cdk-hnb659fds-assets-${AWS::AccountId}-${AWS::Region}",
          "objectKey": "1e017db9fc0f83b403ed9b16486e8fcc380d1f67e03b54303664c33b5a0367d2.json",
          "assumeRoleArn": "arn:${AWS::Partition}:iam::${AWS::AccountId}:role/cdk-hnb659fds-file-publishing-role-${AWS::AccountId}-${AWS::Region}"
        }
      }
    }
  },
  "dockerImages": {}
}