{
  "version": "48.0.0",
  "files": {
    "c49d356cac773d491c5f7ac148995a1181498a8e289429f8612a7f7e3814f535": {
      "displayName": "CoursesFinderDeployment/AwsCliLayer/Code",
      "source": {
        "path": "asset.c49d356cac773d491c5f7ac148995a1181498a8e289429f8612a7f7e3814f535.zip",
        "packaging": "file"
      },
      "destinations": {
        "current_account-current_region-f7e0d18f": {
          "bucketName": "cdk-hnb659fds-assets-${AWS::AccountId}-${AWS::Region}",
          "objectKey": "c49d356cac773d491c5f7ac148995a1181498a8e289429f8612a7f7e3814f535.zip",
          "assumeRoleArn": "arn:${AWS::Partition}:iam::${AWS::AccountId}:role/cdk-hnb659fds-file-publishing-role-${AWS::AccountId}-${AWS::Region}"
        }
      }
    },
    "9a1fcb4a7ecba81ad70e9d3fb241f6794497da945dae5f25924e4dd002b65f2d": {
      "displayName": "Custom::CDKBucketDeployment8693BB64968944B69AAFB0CC9EB8756C/Code",
      "source": {
        "path": "asset.9a1fcb4a7ecba81ad70e9d3fb241f6794497da945dae5f25924e4dd002b65f2d",
        "packaging": "zip"
      },
      "destinations": {
        "current_account-current_region-3c5ac3db": {
          "bucketName": "cdk-hnb659fds-assets-${AWS::AccountId}-${AWS::Region}",
          "objectKey": "9a1fcb4a7ecba81ad70e9d3fb241f6794497da945dae5f25924e4dd002b65f2d.zip",
          "assumeRoleArn": "arn:${AWS::Partition}:iam::${AWS::AccountId}:role/cdk-hnb659fds-file-publishing-role-${AWS::AccountId}-${AWS::Region}"
        }
      }
    },
    "577443f57a40f9788588cd06a7671fea54beedbeb6864a0204e247b28fb2e7a3": {
      "displayName": "CoursesFinderDeployment/Asset1",
      "source": {
        "path": "asset.577443f57a40f9788588cd06a7671fea54beedbeb6864a0204e247b28fb2e7a3",
        "packaging": "zip"
      },
      "destinations": {
        "current_account-current_region-22e2de98": {
          "bucketName": "cdk-hnb659fds-assets-${AWS::AccountId}-${AWS::Region}",
          "objectKey": "577443f57a40f9788588cd06a7671fea54beedbeb6864a0204e247b28fb2e7a3.zip",
          "assumeRoleArn": "arn:${AWS::Partition}:iam::${AWS::AccountId}:role/cdk-hnb659fds-file-publishing-role-${AWS::AccountId}-${AWS::Region}"
        }
      }
    },
    "2dde15634daf12c90f81832133b506d7c725f069d2d8d15c0c3e174e05361994": {
      "displayName": "UiDeploymentStack Template",
      "source": {
        "path": "UiDeploymentStack.template.json",
        "packaging": "file"
      },
      "destinations": {
        "current_account-current_region-c05e41ed": {
          "bucketName": "cdk-hnb659fds-assets-${AWS::AccountId}-${AWS::Region}",
          "objectKey": "2dde15634daf12c90f81832133b506d7c725f069d2d8d15c0c3e174e05361994.json",
          "assumeRoleArn": "arn:${AWS::Partition}:iam::${AWS::AccountId}:role/cdk-hnb659fds-file-publishing-role-${AWS::AccountId}-${AWS::Region}"
        }
      }
    }
  },
  "dockerImages": {}
}